-- Products
INSERT INTO products(product_id, name, description, price, active)
VALUES (1, 'Ceramic Mug', '350ml ceramic coffee mug', 9.90, TRUE),
       (2, 'Notebook A5', 'A5 dotted notebook, 120 pages', 7.50, TRUE),
       (3, 'Water Bottle', '1L stainless steel bottle', 24.90, TRUE),
       (4, 'Backpack', '18L daypack with laptop sleeve', 59.00, TRUE),
       (5, 'Cotton T-Shirt', 'Unisex, size M', 14.90, TRUE),
       (6, 'Wireless Headphones', 'On-ear, bluetooth', 89.00, TRUE),
       (7, 'Bluetooth Speaker', 'Portable 10W waterproof speaker', 39.90, TRUE),
       (8, 'Desk Lamp', 'LED lamp with adjustable arm', 29.50, TRUE),
       (9, 'Yoga Mat', 'Non-slip 6mm thick exercise mat', 22.90, TRUE),
       (10, 'Travel Mug', 'Insulated stainless steel, 400ml', 15.90, TRUE),
       (11, 'Laptop Stand', 'Adjustable aluminum stand for laptops up to 17"', 34.00, TRUE),
       (12, 'Wireless Mouse', 'Ergonomic optical mouse, rechargeable', 19.90, TRUE),
       (13, 'Phone Holder', 'Flexible gooseneck mount for desk or bed', 12.90, TRUE),
       (14, 'Power Bank', '10000mAh USB-C fast charging', 29.90, TRUE),
       (15, 'Smartwatch', 'Fitness tracker with heart rate monitor', 79.00, TRUE),
       (16, 'Sunglasses', 'Polarized UV400 protection, unisex', 24.90, TRUE),
       (17, 'Running Shoes', 'Lightweight mesh upper, size 42', 69.00, TRUE),
       (18, 'Wireless Keyboard', 'Compact Bluetooth keyboard with numeric pad', 45.00, TRUE),
       (19, 'Desk Organizer', 'Wooden pen holder and cable management set', 18.90, TRUE),
       (20, 'LED Strip Light', '5m RGB with remote control', 16.50, TRUE),
       (21, 'Gaming Mouse Pad', 'Large extended surface, anti-slip base', 14.00, TRUE),
       (22, 'Thermal Flask', '750ml vacuum insulated, keeps drinks hot for 12h', 27.90, TRUE),
       (23, 'Canvas Tote Bag', 'Eco-friendly reusable bag, 38x42cm', 9.50, TRUE),
       (24, 'Smart Plug', 'Wi-Fi enabled, works with Alexa and Google Home', 19.00, TRUE),
       (25, 'Noise-Cancelling Earbuds', 'In-ear, with charging case', 59.90, TRUE),
       (26, 'Mechanical Keyboard', 'RGB backlit, tactile switches', 89.00, TRUE),
       (27, 'Portable Charger', '20000mAh power bank with fast charging', 39.90, TRUE),
       (28, 'Wireless Charger', 'Qi-certified 15W fast charging pad', 24.90, TRUE),
       (29, 'Smart LED Bulb', 'Wi-Fi enabled RGB bulb, E27 socket', 14.90, TRUE),
       (30, 'Action Camera', '4K waterproof sports camera with accessories', 89.00, TRUE),
       (31, 'Laptop Sleeve', 'Neoprene 15-inch protective sleeve', 17.90, TRUE),
       (32, 'USB-C Hub', '6-in-1 adapter with HDMI, USB, SD, and PD ports', 34.90, TRUE),
       (33, 'External SSD', 'Portable 1TB USB 3.2 drive', 109.00, TRUE),
       (34, 'Smart Scale', 'Bluetooth body composition scale', 49.90, TRUE),
       (35, 'Electric Toothbrush', 'Rechargeable sonic toothbrush with 3 modes', 39.00, TRUE),
       (36, 'Mini Tripod', 'Flexible tripod with phone mount', 12.90, TRUE),
       (37, 'Reusable Water Cup', 'Glass cup with silicone sleeve, 400ml', 14.00, TRUE),
       (38, 'Cable Organizer', 'Magnetic silicone cable clips, 3-pack', 8.90, TRUE),
       (39, 'USB Flash Drive', '64GB high-speed USB 3.0 memory stick', 11.90, TRUE),
       (40, 'Bluetooth Tracker', 'Smart key finder with app connectivity', 19.90, TRUE),
       (41, 'Coffee Grinder', 'Manual stainless steel burr grinder', 29.00, TRUE),
       (42, 'Desk Mat', 'PU leather dual-sided writing pad, 80x40cm', 22.50, TRUE),
       (43, 'Smart Thermometer', 'Infrared non-contact digital thermometer', 32.90, TRUE),
       (44, 'Mini Projector', '1080p portable LED projector, HDMI support', 139.00, TRUE),
       (45, 'Foldable Headphones', 'Over-ear wired headphones with mic', 27.90, TRUE),
       (46, 'USB Desk Fan', 'Quiet 3-speed metal fan, USB powered', 16.50, TRUE),
       (47, 'Electric Kettle', '1.7L stainless steel cordless kettle', 34.90, TRUE),
       (48, 'Smart Doorbell', 'Wi-Fi video doorbell with motion detection', 79.00, TRUE),
       (49, 'Fitness Resistance Bands', 'Set of 5 latex workout bands with carry bag', 14.90, TRUE),
       (50, 'Wireless Presenter', 'Laser pointer and slide controller, USB-C', 24.90, TRUE);

-- Countries (only the ones containing pickup points)
INSERT INTO countries (country_id, iso2, country_name)
VALUES (1, 'GB', 'United Kingdom'),
       (2, 'US', 'United States'),
       (3, 'JP', 'Japan'),
       (4, 'AU', 'Australia'),
       (5, 'BR', 'Brazil'),
       (6, 'CA', 'Canada'),
       (7, 'DE', 'Germany'),
       (8, 'FR', 'France'),
       (9, 'ES', 'Spain'),
       (10, 'IT', 'Italy'),
       (11, 'NL', 'Netherlands'),
       (12, 'DK', 'Denmark'),
       (13, 'SE', 'Sweden'),
       (14, 'NO', 'Norway'),
       (15, 'FI', 'Finland'),
       (16, 'IE', 'Ireland'),
       (17, 'ZA', 'South Africa'),
       (18, 'SG', 'Singapore'),
       (19, 'KR', 'South Korea'),
       (20, 'CN', 'China'),
       (21, 'TH', 'Thailand'),
       (22, 'MY', 'Malaysia'),
       (23, 'ID', 'Indonesia'),
       (24, 'AE', 'United Arab Emirates'),
       (25, 'MX', 'Mexico'),
       (26, 'AR', 'Argentina'),
       (27, 'PT', 'Portugal'),
       (28, 'CZ', 'Czechia'),
       (29, 'HK', 'Hong Kong SAR');


-- Cities (only ones containing pickup points)
INSERT INTO cities (city_id, country_id, city)
VALUES (1, 1, 'London'),
       (2, 2, 'New York City'),
       (3, 3, 'Tokyo'),
       (4, 4, 'Sydney'),
       (5, 5, 'São Paulo'),
       (6, 2, 'Los Angeles'),
       (7, 2, 'San Francisco'),
       (8, 2, 'Chicago'),
       (9, 6, 'Toronto'),
       (10, 6, 'Vancouver'),
       (11, 7, 'Berlin'),
       (12, 8, 'Paris'),
       (13, 9, 'Madrid'),
       (14, 9, 'Barcelona'),
       (15, 10, 'Rome'),
       (16, 10, 'Milan'),
       (17, 11, 'Amsterdam'),
       (18, 12, 'Copenhagen'),
       (19, 13, 'Stockholm'),
       (20, 14, 'Oslo'),
       (21, 15, 'Helsinki'),
       (22, 16, 'Dublin'),
       (23, 1, 'Belfast'),
       (24, 17, 'Cape Town'),
       (25, 17, 'Johannesburg'),
       (26, 18, 'Singapore'),
       (27, 19, 'Seoul'),
       (28, 29, 'Hong Kong'),
       (29, 20, 'Beijing'),
       (30, 20, 'Shanghai'),
       (31, 21, 'Bangkok'),
       (32, 22, 'Kuala Lumpur'),
       (33, 23, 'Jakarta'),
       (34, 24, 'Dubai'),
       (35, 24, 'Abu Dhabi'),
       (36, 2, 'Austin'),
       (37, 25, 'Mexico City'),
       (38, 26, 'Buenos Aires'),
       (39, 27, 'Lisbon'),
       (40, 28, 'Prague');

-- Pickup points (worldwide cities)
INSERT INTO pickup_points(pickup_point_id, name, city_id, latitude, longitude, active)
VALUES (1, 'Central Hub', 1, 51.515620, -0.091998, TRUE),
       (2, 'Midtown Locker', 2, 40.765819, -73.981964, TRUE),
       (3, 'Shibuya Corner', 3, 35.659108, 139.703728, TRUE),
       (4, 'Harbour Desk', 4, -33.865143, 151.209900, TRUE),
       (5, 'Paulista Kiosk', 5, -23.561684, -46.656139, TRUE),
       (6, 'Downtown Locker', 6, 34.052235, -118.243683, TRUE),
       (7, 'Union Square Hub', 7, 37.788151, -122.407570, TRUE),
       (8, 'Loop Station', 8, 41.883229, -87.632398, TRUE),
       (9, 'Central Plaza', 9, 43.653225, -79.383186, TRUE),
       (10, 'Downtown East', 10, 49.282729, -123.120738, TRUE),
       (11, 'Alexanderplatz Hub', 11, 52.521918, 13.413215, TRUE),
       (12, 'Marais Corner', 12, 48.857000, 2.358000, TRUE),
       (13, 'Opera Locker', 12, 48.871900, 2.332000, TRUE),
       (14, 'City West Kiosk', 11, 52.501215, 13.331850, TRUE),
       (15, 'Gran Via Spot', 13, 40.420300, -3.705800, TRUE),
       (16, 'Eixample Hub', 14, 41.389000, 2.168000, TRUE),
       (17, 'Colosseum Locker', 15, 41.890251, 12.492373, TRUE),
       (18, 'Duomo Kiosk', 16, 45.464211, 9.191383, TRUE),
       (19, 'Dam Square', 17, 52.373108, 4.892374, TRUE),
       (20, 'Centraal Hub', 17, 52.378384, 4.900932, TRUE),
       (21, 'Downtown Station', 18, 55.673906, 12.568337, TRUE),
       (22, 'Norrmalm Hub', 19, 59.332580, 18.064900, TRUE),
       (23, 'City Center Locker', 20, 59.913868, 10.752245, TRUE),
       (24, 'Aker Brygge Point', 20, 59.909300, 10.724700, TRUE),
       (25, 'Downtown Dock', 21, 60.169856, 24.938379, TRUE),
       (26, 'Riverside Hub', 22, 53.347800, -6.259700, TRUE),
       (27, 'City Hall Locker', 23, 54.596441, -5.930276, TRUE),
       (28, 'Waterfront Kiosk', 24, -33.924870, 18.424055, TRUE),
       (29, 'Downtown Hub', 25, -26.204103, 28.047305, TRUE),
       (30, 'Sandton Locker', 25, -26.107566, 28.056703, TRUE),
       (31, 'Central Square', 26, 1.283600, 103.850000, TRUE),
       (32, 'Marina Bay Hub', 26, 1.283100, 103.860300, TRUE),
       (33, 'Myeongdong Point', 27, 37.563600, 126.982000, TRUE),
       (34, 'Gangnam Locker', 27, 37.497900, 127.027600, TRUE),
       (35, 'Central Plaza', 28, 22.278300, 114.174700, TRUE),
       (36, 'Causeway Bay Kiosk', 28, 22.279000, 114.183000, TRUE),
       (37, 'CBD Hub', 29, 39.913818, 116.363625, TRUE),
       (38, 'Pudong Center', 30, 31.230416, 121.473701, TRUE),
       (39, 'Downtown Locker', 31, 13.756331, 100.501762, TRUE),
       (40, 'KL Central', 32, 3.138500, 101.686900, TRUE),
       (41, 'Downtown Point', 33, -6.208763, 106.845599, TRUE),
       (42, 'Bur Dubai Hub', 34, 25.263056, 55.297222, TRUE),
       (43, 'Marina Walk Locker', 34, 25.080000, 55.140000, TRUE),
       (44, 'Corniche Kiosk', 35, 24.466667, 54.366667, TRUE),
       (45, 'Downtown South', 36, 30.267200, -97.743100, TRUE),
       (46, 'Downtown Locker', 37, 19.432608, -99.133209, TRUE),
       (47, 'Obelisco Point', 38, -34.603722, -58.381592, TRUE),
       (48, 'Central Market Hub', 39, 38.716900, -9.139900, TRUE),
       (49, 'Old Town Desk', 40, 50.087811, 14.420460, TRUE);

-- Customers
INSERT INTO customers(customer_id, first_name, last_name, email, phone, preferred_pickup_point_id, active)
VALUES (1, 'Alex', 'Lee', 'alex.lee@example.com', '+12025550011', 2, TRUE),
       (2, 'Samira', 'Khan', 'samira.khan@example.com', '+442071234567', 1, TRUE),
       (3, 'Diego', 'Almeida', 'diego.almeida@example.com', '+5511999990000', 5, TRUE),
       (4, 'Yuki', 'Sato', 'yuki.sato@example.com', '+81312345678', 3, TRUE),
       (5, 'Emma', 'Johnson', 'emma.johnson@example.com', '+14155552671', 7, TRUE),
       (6, 'Liam', 'O’Connor', 'liam.oconnor@example.com', '+353871234567', 26, TRUE),
       (7, 'Sophia', 'Martinez', 'sophia.martinez@example.com', '+34911222333', 15, TRUE),
       (8, 'Noah', 'Andersen', 'noah.andersen@example.com', '+4520123456', 21, TRUE),
       (9, 'Ava', 'Smith', 'ava.smith@example.com', '+61298765432', 4, TRUE),
       (10, 'Oliver', 'Brown', 'oliver.brown@example.com', '+447700900123', 1, TRUE),
       (11, 'Mia', 'Dubois', 'mia.dubois@example.com', '+33142223344', 13, TRUE),
       (12, 'Ethan', 'Chen', 'ethan.chen@example.com', '+8613800138000', 37, TRUE),
       (13, 'Isabella', 'Rossi', 'isabella.rossi@example.com', '+39061234567', 17, TRUE),
       (14, 'Lucas', 'Schmidt', 'lucas.schmidt@example.com', '+493012345678', 11, TRUE),
       (15, 'Charlotte', 'Nguyen', 'charlotte.nguyen@example.com', '+6598123456', 31, TRUE),
       (16, 'Benjamin', 'Hernandez', 'benjamin.hernandez@example.com', '+525511223344', 46, TRUE),
       (17, 'Elena', 'Petrov', 'elena.petrov@example.com', '+74951234567', 12, TRUE),
       (18, 'William', 'Davis', 'william.davis@example.com', '+16175551212', 8, TRUE),
       (19, 'Chloe', 'Olsen', 'chloe.olsen@example.com', '+4798234567', 23, TRUE),
       (20, 'Daniel', 'Garcia', 'daniel.garcia@example.com', '+34933444555', 16, TRUE),
       (21, 'Amelia', 'Silva', 'amelia.silva@example.com', '+558499887766', 5, TRUE),
       (22, 'Henry', 'Clark', 'henry.clark@example.com', '+12025550199', 6, TRUE),
       (23, 'Ella', 'Johansson', 'ella.johansson@example.com', '+46701112233', 22, TRUE),
       (24, 'Logan', 'White', 'logan.white@example.com', '+14155557777', 7, TRUE),
       (25, 'Harper', 'Fischer', 'harper.fischer@example.com', '+493099887766', 14, TRUE),
       (26, 'James', 'Anderson', 'james.anderson@example.com', '+14161234567', 9, TRUE),
       (27, 'Sofia', 'Müller', 'sofia.mueller@example.com', '+498912345678', 11, TRUE),
       (28, 'Jacob', 'Hughes', 'jacob.hughes@example.com', '+447845112233', 1, TRUE),
       (29, 'Grace', 'Bergström', 'grace.bergstrom@example.com', '+46812345678', 22, TRUE),
       (30, 'Evelyn', 'Wong', 'evelyn.wong@example.com', '+85251234567', 36, TRUE),
       (31, 'Matthew', 'Taylor', 'matthew.taylor@example.com', '+61422111222', 4, TRUE),
       (32, 'Aiden', 'Wilson', 'aiden.wilson@example.com', '+19025551234', 10, TRUE),
       (33, 'Victoria', 'Ivanova', 'victoria.ivanova@example.com', '+42022111222', 49, TRUE),
       (34, 'Nathan', 'Kim', 'nathan.kim@example.com', '+821012345678', 34, TRUE),
       (35, 'Hannah', 'Larsen', 'hannah.larsen@example.com', '+4799112233', 24, TRUE),
       (36, 'Samuel', 'Carter', 'samuel.carter@example.com', '+12025550987', 2, TRUE),
       (37, 'Zoe', 'Lopez', 'zoe.lopez@example.com', '+34601112233', 14, TRUE),
       (38, 'Leo', 'Dupont', 'leo.dupont@example.com', '+33155667788', 12, TRUE),
       (39, 'Nora', 'Moreno', 'nora.moreno@example.com', '+5215512345678', 46, TRUE),
       (40, 'David', 'Park', 'david.park@example.com', '+821099988877', 33, TRUE),
       (41, 'Aria', 'Costa', 'aria.costa@example.com', '+351912345678', 48, TRUE),
       (42, 'Sebastian', 'Meier', 'sebastian.meier@example.com', '+498912233445', 14, TRUE),
       (43, 'Layla', 'Tan', 'layla.tan@example.com', '+60123456789', 40, TRUE),
       (44, 'Jack', 'Evans', 'jack.evans@example.com', '+612400556677', 4, TRUE),
       (45, 'Ella', 'Rahman', 'ella.rahman@example.com', '+6281212345678', 41, TRUE),
       (46, 'Mason', 'Lewis', 'mason.lewis@example.com', '+441234567890', 1, TRUE),
       (47, 'Emily', 'Fernandez', 'emily.fernandez@example.com', '+5491123456789', 47, TRUE),
       (48, 'Caleb', 'Hassan', 'caleb.hassan@example.com', '+971501234567', 42, TRUE),
       (49, 'Scarlett', 'Ahmad', 'scarlett.ahmad@example.com', '+971509876543', 43, TRUE);

-- TODO Generate more orders and shipments

-- Orders
INSERT INTO orders(order_id, status, customer_id, deliver_to_pickup_point_id)
VALUES (1, 'pending', 1, 2),
       (2, 'processing', 2, 1),
       (3, 'draft', 3, 5);

-- Order items (snapshots of name/price)
INSERT INTO order_items(order_item_id, order_id, product_id, product_name, product_price, quantity)
VALUES (1, 1, 1, 'Ceramic Mug', 9.90, 2),
       (2, 1, 3, 'Water Bottle', 24.90, 1),
       (3, 2, 4, 'Backpack', 59.00, 1),
       (4, 2, 2, 'Notebook A5', 7.50, 3),
       (5, 3, 6, 'Wireless Headphones', 89.00, 1);

-- Shipments
INSERT INTO shipments(shipment_id, status, order_id)
VALUES (1, 'collecting', 1),
       (2, 'at_pickup_point', 2);

-- Shipment items
INSERT INTO shipment_items(shipment_item_id, shipment_id, order_item_id, quantity, remaining, comment)
VALUES (1, 1, 1, 2, 0, 'Packed both mugs'),
       (2, 1, 2, 1, 0, 'Bottle added'),
       (3, 2, 3, 1, 0, 'Arrived at desk'),
       (4, 2, 4, 2, 1, 'Partial: 1 notebook backordered');