-- Products
INSERT INTO products (product_id, name, description, category, brand, sku,
                      stock_quantity, reorder_level, supplier, weight_grams, dimensions_cm,
                      color, release_date, price, discount, rating, active)
VALUES (1, 'Ceramic Mug', '350ml ceramic coffee mug', 'Home & Kitchen', 'BrewCraft', 'MUG-350-WHT',
        120, 10, 'BrewCraft Supplies', 320, '9x9x10', 'White', '2022-05-15', 9.90, 10.0, 4.6, TRUE),
       (2, 'Notebook A5', 'A5 dotted notebook, 120 pages', 'Stationery', 'PaperNest', 'NBK-A5-DOT',
        250, 20, 'PaperNest Co.', 180, '21x14x1', 'Brown', '2022-03-10', 7.50, 0.0, 4.8, TRUE),
       (3, 'Water Bottle', '1L stainless steel bottle', 'Outdoor', 'AquaMate', 'BOT-1000-SS',
        80, 15, 'AquaMate Imports', 380, '28x8x8', 'Silver', '2023-01-22', 24.90, 5.0, 4.5, TRUE),
       (4, 'Backpack', '18L daypack with laptop sleeve', 'Bags', 'TrailPro', 'BAG-18L-GRY',
        60, 10, 'TrailPro Gear', 700, '45x30x15', 'Grey', '2023-04-01', 59.00, 0.0, 4.7, TRUE),
       (5, 'Cotton T-Shirt', 'Unisex, size M', 'Apparel', 'ComfyWear', 'TSH-M-COT',
        140, 25, 'ComfyWear Ltd.', 220, '30x25x2', 'Blue', '2023-06-15', 14.90, 15.0, 4.4, TRUE),
       (6, 'Wireless Headphones', 'On-ear, bluetooth', 'Electronics', 'SoundZen', 'HD-ON-BT-BLK',
        90, 10, 'SoundZen Audio', 280, '18x17x7', 'Black', '2022-11-05', 89.00, 20.0, 4.3, TRUE),
       (7, 'Bluetooth Speaker', 'Portable 10W waterproof speaker', 'Electronics', 'SoundZen', 'SPK-BT-10W',
        150, 20, 'SoundZen Audio', 400, '10x10x9', 'Red', '2023-02-14', 39.90, 5.0, 4.6, TRUE),
       (8, 'Desk Lamp', 'LED lamp with adjustable arm', 'Home & Office', 'LumiTech', 'LMP-LED-ARM',
        75, 10, 'LumiTech Lighting', 850, '50x15x10', 'Silver', '2023-07-01', 29.50, 0.0, 4.2, TRUE),
       (9, 'Yoga Mat', 'Non-slip 6mm thick exercise mat', 'Sports', 'FlexFit', 'MAT-YOGA-6MM',
        100, 15, 'FlexFit Gear', 1250, '180x60x0.6', 'Purple', '2023-03-18', 22.90, 10.0, 4.9, TRUE),
       (10, 'Travel Mug', 'Insulated stainless steel, 400ml', 'Home & Kitchen', 'BrewCraft', 'MUG-400-INS',
        130, 15, 'BrewCraft Supplies', 350, '8x8x17', 'Black', '2022-08-10', 15.90, 0.0, 4.5, TRUE),
       (11, 'Laptop Stand', 'Adjustable aluminum stand for laptops up to 17"', 'Electronics', 'TechLift', 'LST-AL-17',
        60, 10, 'TechLift Solutions', 700, '25x22x6', 'Silver', '2023-01-05', 34.00, 5.0, 4.7, TRUE),
       (12, 'Wireless Mouse', 'Ergonomic optical mouse, rechargeable', 'Electronics', 'ClickPro', 'MSE-WL-ERG',
        120, 15, 'ClickPro Electronics', 150, '12x7x4', 'Black', '2023-03-01', 19.90, 0.0, 4.8, TRUE),
       (13, 'Phone Holder', 'Flexible gooseneck mount for desk or bed', 'Accessories', 'GripEase', 'HLD-GOOSENECK',
        180, 25, 'GripEase Manufacturing', 350, '70x7x7', 'Black', '2022-09-20', 12.90, 0.0, 4.4, TRUE),
       (14, 'Power Bank', '10000mAh USB-C fast charging', 'Electronics', 'VoltMax', 'PBK-10K-USB-C',
        95, 15, 'VoltMax Energy', 220, '14x7x2', 'Black', '2023-05-02', 29.90, 10.0, 4.6, TRUE),
       (15, 'Smartwatch', 'Fitness tracker with heart rate monitor', 'Wearables', 'FitPulse', 'SWT-FIT-HRM',
        75, 10, 'FitPulse Tech', 90, '4x4x1', 'Black', '2023-03-12', 79.00, 0.0, 4.3, TRUE),
       (16, 'Sunglasses', 'Polarized UV400 protection, unisex', 'Accessories', 'SunEdge', 'GLS-UV400',
        150, 25, 'SunEdge Optics', 90, '15x6x5', 'Brown', '2023-04-11', 24.90, 10.0, 4.5, TRUE),
       (17, 'Running Shoes', 'Lightweight mesh upper, size 42', 'Footwear', 'StrideMax', 'RUN-SZ42',
        85, 15, 'StrideMax Sports', 600, '30x20x12', 'Black', '2023-06-01', 69.00, 5.0, 4.7, TRUE),
       (18, 'Wireless Keyboard', 'Compact Bluetooth keyboard with numeric pad', 'Electronics', 'KeyMaster', 'KYB-BT-NP',
        70, 10, 'KeyMaster Electronics', 480, '40x13x2', 'White', '2023-02-25', 45.00, 0.0, 4.5, TRUE),
       (19, 'Desk Organizer', 'Wooden pen holder and cable management set', 'Home & Office', 'WoodWorks',
        'ORG-WOOD-SET',
        110, 20, 'WoodWorks Studio', 600, '25x15x10', 'Walnut', '2022-12-10', 18.90, 0.0, 4.9, TRUE),
       (20, 'LED Strip Light', '5m RGB with remote control', 'Lighting', 'LumiTech', 'LED-STRIP-5M',
        80, 15, 'LumiTech Lighting', 250, '18x18x6', 'Multi', '2023-03-05', 16.50, 0.0, 4.4, TRUE),
       (21, 'Gaming Mouse Pad', 'Large extended surface, anti-slip base', 'Gaming', 'ClickPro', 'PAD-GAME-XL',
        140, 20, 'ClickPro Electronics', 420, '90x40x0.3', 'Black', '2023-01-12', 14.00, 0.0, 4.6, TRUE),
       (22, 'Thermal Flask', '750ml vacuum insulated, keeps drinks hot for 12h', 'Outdoor', 'AquaMate', 'FLK-750-SS',
        75, 10, 'AquaMate Imports', 450, '27x8x8', 'Silver', '2022-10-14', 27.90, 5.0, 4.8, TRUE),
       (23, 'Canvas Tote Bag', 'Eco-friendly reusable bag, 38x42cm', 'Bags', 'EcoCarry', 'BAG-CANVAS',
        220, 30, 'EcoCarry Supplies', 160, '38x42x1', 'Beige', '2023-05-18', 9.50, 0.0, 4.7, TRUE),
       (24, 'Smart Plug', 'Wi-Fi enabled, works with Alexa and Google Home', 'Smart Home', 'VoltMax', 'PLG-SM-WIFI',
        60, 10, 'VoltMax Energy', 150, '7x5x5', 'White', '2023-02-01', 19.00, 0.0, 4.2, TRUE),
       (25, 'Noise-Cancelling Earbuds', 'In-ear, with charging case', 'Electronics', 'SoundZen', 'EAR-NC-BT',
        85, 10, 'SoundZen Audio', 80, '6x4x3', 'Black', '2023-03-22', 59.90, 5.0, 4.4, TRUE),
       (26, 'Mechanical Keyboard', 'RGB backlit, tactile switches', 'Gaming', 'KeyMaster', 'KYB-MECH-RGB',
        70, 10, 'KeyMaster Electronics', 980, '45x14x4', 'Black', '2022-09-28', 89.00, 10.0, 4.8, TRUE),
       (27, 'Portable Charger', '20000mAh power bank with fast charging', 'Electronics', 'VoltMax', 'PBK-20K-FC',
        90, 15, 'VoltMax Energy', 380, '16x8x2', 'Black', '2023-04-05', 39.90, 0.0, 4.5, TRUE),
       (28, 'Wireless Charger', 'Qi-certified 15W fast charging pad', 'Electronics', 'VoltMax', 'CHR-WL-15W',
        100, 15, 'VoltMax Energy', 200, '10x10x1', 'White', '2023-02-10', 24.90, 0.0, 4.3, TRUE),
       (29, 'Smart LED Bulb', 'Wi-Fi enabled RGB bulb, E27 socket', 'Smart Home', 'LumiTech', 'BULB-RGB-E27',
        140, 20, 'LumiTech Lighting', 120, '6x6x11', 'White', '2022-11-17', 14.90, 0.0, 4.6, TRUE),
       (30, 'Action Camera', '4K waterproof sports camera with accessories', 'Electronics', 'VisionPro', 'CAM-4K-SPRT',
        60, 10, 'VisionPro Tech', 350, '7x5x4', 'Black', '2023-01-09', 89.00, 10.0, 4.4, TRUE),
       (31, 'Laptop Sleeve', 'Neoprene 15-inch protective sleeve', 'Accessories', 'TechLift', 'SLV-15-NPRN',
        100, 15, 'TechLift Solutions', 280, '38x26x2', 'Grey', '2023-03-01', 17.90, 0.0, 4.5, TRUE),
       (32, 'USB-C Hub', '6-in-1 adapter with HDMI, USB, SD, and PD ports', 'Electronics', 'TechLift', 'HUB-USB-C-6IN1',
        80, 10, 'TechLift Solutions', 120, '9x4x1', 'Grey', '2023-06-12', 34.90, 5.0, 4.7, TRUE),
       (33, 'External SSD', 'Portable 1TB USB 3.2 drive', 'Storage', 'DataSwift', 'SSD-1TB-USB3',
        70, 10, 'DataSwift Storage', 100, '10x6x1', 'Black', '2022-12-01', 109.00, 0.0, 4.9, TRUE),
       (34, 'Smart Scale', 'Bluetooth body composition scale', 'Smart Home', 'FitPulse', 'SCL-BT-BODY',
        65, 10, 'FitPulse Tech', 1600, '32x32x3', 'White', '2023-01-19', 49.90, 5.0, 4.4, TRUE),
       (35, 'Electric Toothbrush', 'Rechargeable sonic toothbrush with 3 modes', 'Personal Care', 'SmilePro',
        'TBH-SNC-3M',
        120, 20, 'SmilePro Dental', 300, '24x4x4', 'White', '2023-02-07', 39.00, 0.0, 4.6, TRUE),
       (36, 'Mini Tripod', 'Flexible tripod with phone mount', 'Photography', 'VisionPro', 'TRP-MINI-FLX',
        130, 20, 'VisionPro Tech', 260, '25x5x5', 'Black', '2022-10-23', 12.90, 0.0, 4.5, TRUE),
       (37, 'Reusable Water Cup', 'Glass cup with silicone sleeve, 400ml', 'Home & Kitchen', 'EcoCarry', 'CUP-GLS-400',
        110, 15, 'EcoCarry Supplies', 360, '8x8x15', 'Green', '2023-05-10', 14.00, 5.0, 4.6, TRUE),
       (38, 'Cable Organizer', 'Magnetic silicone cable clips, 3-pack', 'Accessories', 'GripEase', 'ORG-CABLE-3P',
        180, 25, 'GripEase Manufacturing', 80, '12x8x1', 'Grey', '2023-02-15', 8.90, 0.0, 4.7, TRUE),
       (39, 'USB Flash Drive', '64GB high-speed USB 3.0 memory stick', 'Storage', 'DataSwift', 'USB-64GB-3.0',
        150, 20, 'DataSwift Storage', 50, '6x2x1', 'Black', '2023-01-22', 11.90, 0.0, 4.8, TRUE),
       (40, 'Bluetooth Tracker', 'Smart key finder with app connectivity', 'Smart Home', 'VoltMax', 'TRK-BT-APP',
        100, 15, 'VoltMax Energy', 60, '4x4x1', 'White', '2022-09-12', 19.90, 0.0, 4.3, TRUE),
       (41, 'Coffee Grinder', 'Manual stainless steel burr grinder', 'Home & Kitchen', 'BrewCraft', 'GRD-MAN-SS',
        70, 10, 'BrewCraft Supplies', 420, '19x5x5', 'Silver', '2023-01-10', 29.00, 0.0, 4.7, TRUE),
       (42, 'Desk Mat', 'PU leather dual-sided writing pad, 80x40cm', 'Home & Office', 'WoodWorks', 'MAT-DESK-PU',
        90, 10, 'WoodWorks Studio', 600, '80x40x0.2', 'Black', '2023-04-20', 22.50, 0.0, 4.8, TRUE),
       (43, 'Smart Thermometer', 'Infrared non-contact digital thermometer', 'Smart Home', 'HealthEase',
        'THM-INFRA-DIG',
        80, 10, 'HealthEase Medical', 220, '14x5x4', 'White', '2023-02-12', 32.90, 0.0, 4.6, TRUE),
       (44, 'Mini Projector', '1080p portable LED projector, HDMI support', 'Electronics', 'VisionPro', 'PRJ-MINI-1080',
        55, 10, 'VisionPro Tech', 900, '18x15x8', 'White', '2023-03-11', 139.00, 10.0, 4.5, TRUE),
       (45, 'Foldable Headphones', 'Over-ear wired headphones with mic', 'Electronics', 'SoundZen', 'HD-FLD-WRD',
        95, 10, 'SoundZen Audio', 320, '18x15x6', 'Black', '2022-12-20', 27.90, 0.0, 4.4, TRUE),
       (46, 'USB Desk Fan', 'Quiet 3-speed metal fan, USB powered', 'Home & Office', 'BreezeTech', 'FAN-USB-MET',
        100, 10, 'BreezeTech Appliances', 450, '17x15x10', 'Silver', '2023-03-08', 16.50, 0.0, 4.5, TRUE),
       (47, 'Electric Kettle', '1.7L stainless steel cordless kettle', 'Home & Kitchen', 'BrewCraft', 'KTL-17L-SS',
        85, 10, 'BrewCraft Supplies', 1150, '22x18x15', 'Silver', '2023-02-05', 34.90, 10.0, 4.7, TRUE),
       (48, 'Smart Doorbell', 'Wi-Fi video doorbell with motion detection and night vision', 'Smart Home', 'VoltMax',
        'DBL-WIFI-VID',
        55, 8, 'VoltMax Energy', 260, '13x6x4', 'Black', '2023-06-01', 79.00, 5.0, 4.5, TRUE),
       (49, 'Fitness Resistance Bands', 'Set of 5 latex workout bands with carry bag', 'Sports', 'FlexFit', 'BND-SET-5',
        160, 20, 'FlexFit Gear', 280, '20x15x3', 'Multi', '2023-03-27', 14.90, 0.0, 4.8, TRUE),
       (50, 'Wireless Presenter', 'Laser pointer and slide controller, USB-C receiver', 'Electronics', 'ClickPro',
        'PRS-WL-USBC',
        95, 10, 'ClickPro Electronics', 120, '13x3x2', 'Black', '2023-05-14', 24.90, 0.0, 4.6, TRUE);

-- Countries (only the ones containing pickup points)
INSERT INTO countries (country_id, iso2, country_name)
VALUES (1, 'GB', 'United Kingdom'),
       (2, 'US', 'United States'),
       (3, 'JP', 'Japan'),
       (4, 'AU', 'Australia'),
       (5, 'BR', 'Brazil'),
       (6, 'CA', 'Canada'),
       (7, 'DE', 'Germany'),
       (8, 'FR', 'France'),
       (9, 'ES', 'Spain'),
       (10, 'IT', 'Italy'),
       (11, 'NL', 'Netherlands'),
       (12, 'DK', 'Denmark'),
       (13, 'SE', 'Sweden'),
       (14, 'NO', 'Norway'),
       (15, 'FI', 'Finland'),
       (16, 'IE', 'Ireland'),
       (17, 'ZA', 'South Africa'),
       (18, 'SG', 'Singapore'),
       (19, 'KR', 'South Korea'),
       (20, 'CN', 'China'),
       (21, 'TH', 'Thailand'),
       (22, 'MY', 'Malaysia'),
       (23, 'ID', 'Indonesia'),
       (24, 'AE', 'United Arab Emirates'),
       (25, 'MX', 'Mexico'),
       (26, 'AR', 'Argentina'),
       (27, 'PT', 'Portugal'),
       (28, 'CZ', 'Czechia'),
       (29, 'HK', 'Hong Kong SAR');


-- Cities (only ones containing pickup points)
INSERT INTO cities (city_id, country_id, city)
VALUES (1, 1, 'London'),
       (2, 2, 'New York City'),
       (3, 3, 'Tokyo'),
       (4, 4, 'Sydney'),
       (5, 5, 'São Paulo'),
       (6, 2, 'Los Angeles'),
       (7, 2, 'San Francisco'),
       (8, 2, 'Chicago'),
       (9, 6, 'Toronto'),
       (10, 6, 'Vancouver'),
       (11, 7, 'Berlin'),
       (12, 8, 'Paris'),
       (13, 9, 'Madrid'),
       (14, 9, 'Barcelona'),
       (15, 10, 'Rome'),
       (16, 10, 'Milan'),
       (17, 11, 'Amsterdam'),
       (18, 12, 'Copenhagen'),
       (19, 13, 'Stockholm'),
       (20, 14, 'Oslo'),
       (21, 15, 'Helsinki'),
       (22, 16, 'Dublin'),
       (23, 1, 'Belfast'),
       (24, 17, 'Cape Town'),
       (25, 17, 'Johannesburg'),
       (26, 18, 'Singapore'),
       (27, 19, 'Seoul'),
       (28, 29, 'Hong Kong'),
       (29, 20, 'Beijing'),
       (30, 20, 'Shanghai'),
       (31, 21, 'Bangkok'),
       (32, 22, 'Kuala Lumpur'),
       (33, 23, 'Jakarta'),
       (34, 24, 'Dubai'),
       (35, 24, 'Abu Dhabi'),
       (36, 2, 'Austin'),
       (37, 25, 'Mexico City'),
       (38, 26, 'Buenos Aires'),
       (39, 27, 'Lisbon'),
       (40, 28, 'Prague');

-- Pickup points (worldwide cities)
INSERT INTO pickup_points(pickup_point_id, name, city_id, latitude, longitude, active)
VALUES (1, 'Central Hub', 1, 51.515620, -0.091998, TRUE),
       (2, 'Midtown Locker', 2, 40.765819, -73.981964, TRUE),
       (3, 'Shibuya Corner', 3, 35.659108, 139.703728, TRUE),
       (4, 'Harbour Desk', 4, -33.865143, 151.209900, TRUE),
       (5, 'Paulista Kiosk', 5, -23.561684, -46.656139, TRUE),
       (6, 'Downtown Locker', 6, 34.052235, -118.243683, TRUE),
       (7, 'Union Square Hub', 7, 37.788151, -122.407570, TRUE),
       (8, 'Loop Station', 8, 41.883229, -87.632398, TRUE),
       (9, 'Central Plaza', 9, 43.653225, -79.383186, TRUE),
       (10, 'Downtown East', 10, 49.282729, -123.120738, TRUE),
       (11, 'Alexanderplatz Hub', 11, 52.521918, 13.413215, TRUE),
       (12, 'Marais Corner', 12, 48.857000, 2.358000, TRUE),
       (13, 'Opera Locker', 12, 48.871900, 2.332000, TRUE),
       (14, 'City West Kiosk', 11, 52.501215, 13.331850, TRUE),
       (15, 'Gran Via Spot', 13, 40.420300, -3.705800, TRUE),
       (16, 'Eixample Hub', 14, 41.389000, 2.168000, TRUE),
       (17, 'Colosseum Locker', 15, 41.890251, 12.492373, TRUE),
       (18, 'Duomo Kiosk', 16, 45.464211, 9.191383, TRUE),
       (19, 'Dam Square', 17, 52.373108, 4.892374, TRUE),
       (20, 'Centraal Hub', 17, 52.378384, 4.900932, TRUE),
       (21, 'Downtown Station', 18, 55.673906, 12.568337, TRUE),
       (22, 'Norrmalm Hub', 19, 59.332580, 18.064900, TRUE),
       (23, 'City Center Locker', 20, 59.913868, 10.752245, TRUE),
       (24, 'Aker Brygge Point', 20, 59.909300, 10.724700, TRUE),
       (25, 'Downtown Dock', 21, 60.169856, 24.938379, TRUE),
       (26, 'Riverside Hub', 22, 53.347800, -6.259700, TRUE),
       (27, 'City Hall Locker', 23, 54.596441, -5.930276, TRUE),
       (28, 'Waterfront Kiosk', 24, -33.924870, 18.424055, TRUE),
       (29, 'Downtown Hub', 25, -26.204103, 28.047305, TRUE),
       (30, 'Sandton Locker', 25, -26.107566, 28.056703, TRUE),
       (31, 'Central Square', 26, 1.283600, 103.850000, TRUE),
       (32, 'Marina Bay Hub', 26, 1.283100, 103.860300, TRUE),
       (33, 'Myeongdong Point', 27, 37.563600, 126.982000, TRUE),
       (34, 'Gangnam Locker', 27, 37.497900, 127.027600, TRUE),
       (35, 'Central Plaza', 28, 22.278300, 114.174700, TRUE),
       (36, 'Causeway Bay Kiosk', 28, 22.279000, 114.183000, TRUE),
       (37, 'CBD Hub', 29, 39.913818, 116.363625, TRUE),
       (38, 'Pudong Center', 30, 31.230416, 121.473701, TRUE),
       (39, 'Downtown Locker', 31, 13.756331, 100.501762, TRUE),
       (40, 'KL Central', 32, 3.138500, 101.686900, TRUE),
       (41, 'Downtown Point', 33, -6.208763, 106.845599, TRUE),
       (42, 'Bur Dubai Hub', 34, 25.263056, 55.297222, TRUE),
       (43, 'Marina Walk Locker', 34, 25.080000, 55.140000, TRUE),
       (44, 'Corniche Kiosk', 35, 24.466667, 54.366667, TRUE),
       (45, 'Downtown South', 36, 30.267200, -97.743100, TRUE),
       (46, 'Downtown Locker', 37, 19.432608, -99.133209, TRUE),
       (47, 'Obelisco Point', 38, -34.603722, -58.381592, TRUE),
       (48, 'Central Market Hub', 39, 38.716900, -9.139900, TRUE),
       (49, 'Old Town Desk', 40, 50.087811, 14.420460, TRUE);

-- Customers
INSERT INTO customers(customer_id, first_name, last_name, email, phone, preferred_pickup_point_id, active)
VALUES (1, 'Alex', 'Lee', 'alex.lee@example.com', '+12025550011', 2, TRUE),
       (2, 'Samira', 'Khan', 'samira.khan@example.com', '+442071234567', 1, TRUE),
       (3, 'Diego', 'Almeida', 'diego.almeida@example.com', '+5511999990000', 5, TRUE),
       (4, 'Yuki', 'Sato', 'yuki.sato@example.com', '+81312345678', 3, TRUE),
       (5, 'Emma', 'Johnson', 'emma.johnson@example.com', '+14155552671', 7, TRUE),
       (6, 'Liam', 'O’Connor', 'liam.oconnor@example.com', '+353871234567', 26, TRUE),
       (7, 'Sophia', 'Martinez', 'sophia.martinez@example.com', '+34911222333', 15, TRUE),
       (8, 'Noah', 'Andersen', 'noah.andersen@example.com', '+4520123456', 21, TRUE),
       (9, 'Ava', 'Smith', 'ava.smith@example.com', '+61298765432', 4, TRUE),
       (10, 'Oliver', 'Brown', 'oliver.brown@example.com', '+447700900123', 1, TRUE),
       (11, 'Mia', 'Dubois', 'mia.dubois@example.com', '+33142223344', 13, TRUE),
       (12, 'Ethan', 'Chen', 'ethan.chen@example.com', '+8613800138000', 37, TRUE),
       (13, 'Isabella', 'Rossi', 'isabella.rossi@example.com', '+39061234567', 17, TRUE),
       (14, 'Lucas', 'Schmidt', 'lucas.schmidt@example.com', '+493012345678', 11, TRUE),
       (15, 'Charlotte', 'Nguyen', 'charlotte.nguyen@example.com', '+6598123456', 31, TRUE),
       (16, 'Benjamin', 'Hernandez', 'benjamin.hernandez@example.com', '+525511223344', 46, TRUE),
       (17, 'Elena', 'Petrov', 'elena.petrov@example.com', '+74951234567', 12, TRUE),
       (18, 'William', 'Davis', 'william.davis@example.com', '+16175551212', 8, TRUE),
       (19, 'Chloe', 'Olsen', 'chloe.olsen@example.com', '+4798234567', 23, TRUE),
       (20, 'Daniel', 'Garcia', 'daniel.garcia@example.com', '+34933444555', 16, TRUE),
       (21, 'Amelia', 'Silva', 'amelia.silva@example.com', '+558499887766', 5, TRUE),
       (22, 'Henry', 'Clark', 'henry.clark@example.com', '+12025550199', 6, TRUE),
       (23, 'Ella', 'Johansson', 'ella.johansson@example.com', '+46701112233', 22, TRUE),
       (24, 'Logan', 'White', 'logan.white@example.com', '+14155557777', 7, TRUE),
       (25, 'Harper', 'Fischer', 'harper.fischer@example.com', '+493099887766', 14, TRUE),
       (26, 'James', 'Anderson', 'james.anderson@example.com', '+14161234567', 9, TRUE),
       (27, 'Sofia', 'Müller', 'sofia.mueller@example.com', '+498912345678', 11, TRUE),
       (28, 'Jacob', 'Hughes', 'jacob.hughes@example.com', '+447845112233', 1, TRUE),
       (29, 'Grace', 'Bergström', 'grace.bergstrom@example.com', '+46812345678', 22, TRUE),
       (30, 'Evelyn', 'Wong', 'evelyn.wong@example.com', '+85251234567', 36, TRUE),
       (31, 'Matthew', 'Taylor', 'matthew.taylor@example.com', '+61422111222', 4, TRUE),
       (32, 'Aiden', 'Wilson', 'aiden.wilson@example.com', '+19025551234', 10, TRUE),
       (33, 'Victoria', 'Ivanova', 'victoria.ivanova@example.com', '+42022111222', 49, TRUE),
       (34, 'Nathan', 'Kim', 'nathan.kim@example.com', '+821012345678', 34, TRUE),
       (35, 'Hannah', 'Larsen', 'hannah.larsen@example.com', '+4799112233', 24, TRUE),
       (36, 'Samuel', 'Carter', 'samuel.carter@example.com', '+12025550987', 2, TRUE),
       (37, 'Zoe', 'Lopez', 'zoe.lopez@example.com', '+34601112233', 14, TRUE),
       (38, 'Leo', 'Dupont', 'leo.dupont@example.com', '+33155667788', 12, TRUE),
       (39, 'Nora', 'Moreno', 'nora.moreno@example.com', '+5215512345678', 46, TRUE),
       (40, 'David', 'Park', 'david.park@example.com', '+821099988877', 33, TRUE),
       (41, 'Aria', 'Costa', 'aria.costa@example.com', '+351912345678', 48, TRUE),
       (42, 'Sebastian', 'Meier', 'sebastian.meier@example.com', '+498912233445', 14, TRUE),
       (43, 'Layla', 'Tan', 'layla.tan@example.com', '+60123456789', 40, TRUE),
       (44, 'Jack', 'Evans', 'jack.evans@example.com', '+612400556677', 4, TRUE),
       (45, 'Ella', 'Rahman', 'ella.rahman@example.com', '+6281212345678', 41, TRUE),
       (46, 'Mason', 'Lewis', 'mason.lewis@example.com', '+441234567890', 1, TRUE),
       (47, 'Emily', 'Fernandez', 'emily.fernandez@example.com', '+5491123456789', 47, TRUE),
       (48, 'Caleb', 'Hassan', 'caleb.hassan@example.com', '+971501234567', 42, TRUE),
       (49, 'Scarlett', 'Ahmad', 'scarlett.ahmad@example.com', '+971509876543', 43, TRUE);

-- TODO Generate more orders and shipments

-- Orders
INSERT INTO orders(order_id, status, customer_id, deliver_to_pickup_point_id)
VALUES (1, 'pending', 1, 2),
       (2, 'processing', 2, 1),
       (3, 'draft', 3, 5);

-- Order items (snapshots of name/price)
INSERT INTO order_items(order_item_id, order_id, product_id, product_name, product_price, quantity)
VALUES (1, 1, 1, 'Ceramic Mug', 9.90, 2),
       (2, 1, 3, 'Water Bottle', 24.90, 1),
       (3, 2, 4, 'Backpack', 59.00, 1),
       (4, 2, 2, 'Notebook A5', 7.50, 3),
       (5, 3, 6, 'Wireless Headphones', 89.00, 1);

-- Shipments
INSERT INTO shipments(shipment_id, status, order_id)
VALUES (1, 'collecting', 1),
       (2, 'at_pickup_point', 2);

-- Shipment items
INSERT INTO shipment_items(shipment_item_id, shipment_id, order_item_id, quantity, remaining, comment)
VALUES (1, 1, 1, 2, 0, 'Packed both mugs'),
       (2, 1, 2, 1, 0, 'Bottle added'),
       (3, 2, 3, 1, 0, 'Arrived at desk'),
       (4, 2, 4, 2, 1, 'Partial: 1 notebook backordered');